station_id,region,latitude,longitude,sampling_period,max_chlorophyll_depth_m,temperature_c,dissolved_nitrogen_mg_l,salinity_psu,dissolved_oxygen_ml_l,total_microphytoplankton_density_cells_l,morphospecies_n,dominant_taxon,source_article_doi,science_role,notes
P2P,SE_PACIFIC,-1.323919,-84.564473,2023-12-17/2023-12-23,25,22.81,,,,60,3,Oxytoxum spp.,10.25268/bimc.invemar.2026.55.2.1419,PILOT_A_GROUND_TRUTH_CANDIDATE,"physicochemical values verified from PDF Table 2; coordinates and density from provided spreadsheet, density consistent with PDF Table 3; sampling day unavailable"
P3P,SE_PACIFIC,-4.735437,-84.907532,2023-12-17/2023-12-23,25,24.48,,,,190,8,Thalassiosira spp.,10.25268/bimc.invemar.2026.55.2.1419,PILOT_A_GROUND_TRUTH_CANDIDATE,"physicochemical values verified from PDF Table 2; coordinates and density from provided spreadsheet, density consistent with PDF Table 3; sampling day unavailable"
P4P,SE_PACIFIC,-9.185681,-82.564391,2023-12-17/2023-12-23,25,23.32,11.24,35.37,3.99,70,4,Dinoflagellata,10.25268/bimc.invemar.2026.55.2.1419,PILOT_A_GROUND_TRUTH_CANDIDATE,"physicochemical values verified from PDF Table 2; coordinates and density from provided spreadsheet, density consistent with PDF Table 3; sampling day unavailable"
P5P,SE_PACIFIC,-13.421159,-80.819859,2023-12-17/2023-12-23,20,22.26,11.42,35.49,4.27,620,10,Prorocentrum spp.,10.25268/bimc.invemar.2026.55.2.1419,PILOT_A_GROUND_TRUTH_CANDIDATE,"physicochemical values verified from PDF Table 2; coordinates and density from provided spreadsheet, density consistent with PDF Table 3; sampling day unavailable"
P6P,SE_PACIFIC,-17.575812,-78.392261,2023-12-17/2023-12-23,25,20.53,11.76,35.31,4.13,330,4,Planktoniella sp.,10.25268/bimc.invemar.2026.55.2.1419,PILOT_A_GROUND_TRUTH_CANDIDATE,"physicochemical values verified from PDF Table 2; coordinates and density from provided spreadsheet, density consistent with PDF Table 3; sampling day unavailable"
P7P,SE_PACIFIC,-21.314,-75.622,2023-12-17/2023-12-23,50,18.91,12.08,35.26,4.26,50,2,Bacillariophyceae,10.25268/bimc.invemar.2026.55.2.1419,PILOT_A_GROUND_TRUTH_CANDIDATE,"physicochemical values verified from PDF Table 2; coordinates and density from provided spreadsheet, density consistent with PDF Table 3; sampling day unavailable"
P8P,SE_PACIFIC,-26.479318,-75.409413,2023-12-17/2023-12-23,60,17.47,12.43,34.73,4.41,230,8,Gonyaulax sp.,10.25268/bimc.invemar.2026.55.2.1419,PILOT_A_GROUND_TRUTH_CANDIDATE,"physicochemical values verified from PDF Table 2; coordinates and density from provided spreadsheet, density consistent with PDF Table 3; sampling day unavailable"
P1A,WAP_NORTH,-62.393,-58.662,2024-01-14/2024-01-22,30,0.96,17.42,34.28,6.43,30,1,Gyrodinium spp.,10.25268/bimc.invemar.2026.55.2.1419,PILOT_A_GROUND_TRUTH_CANDIDATE,"physicochemical values verified from PDF Table 2; coordinates and density from provided spreadsheet, density consistent with PDF Table 3; sampling day unavailable"
P2A,WAP_NORTH,-63.979933,-60.94445,2024-01-14/2024-01-22,20,-0.4,18.01,34.24,5.95,120,3,Gyrodinium spp.,10.25268/bimc.invemar.2026.55.2.1419,PILOT_A_GROUND_TRUTH_CANDIDATE,"physicochemical values verified from PDF Table 2; coordinates and density from provided spreadsheet, density consistent with PDF Table 3; sampling day unavailable"
P3A,WAP_NORTH,-63.9585,-60.737533,2024-01-14/2024-01-22,10,0.56,17.6,34.2,5.92,20,1,Gyrodinium spp.,10.25268/bimc.invemar.2026.55.2.1419,PILOT_A_GROUND_TRUTH_CANDIDATE,"physicochemical values verified from PDF Table 2; coordinates and density from provided spreadsheet, density consistent with PDF Table 3; sampling day unavailable"
P4A,WAP_NORTH,-64.067733,-61.19145,2024-01-14/2024-01-22,33,0.95,17.45,34.1,5.87,50,2,Gyrodinium spp.,10.25268/bimc.invemar.2026.55.2.1419,PILOT_A_GROUND_TRUTH_CANDIDATE,"physicochemical values verified from PDF Table 2; coordinates and density from provided spreadsheet, density consistent with PDF Table 3; sampling day unavailable"
P5A,WAP_NORTH,-64.198917,-61.239783,2024-01-14/2024-01-22,50,-0.16,17.91,34.23,5.57,60,4,Thalassiosira spp.,10.25268/bimc.invemar.2026.55.2.1419,PILOT_A_GROUND_TRUTH_CANDIDATE,"physicochemical values verified from PDF Table 2; coordinates and density from provided spreadsheet, density consistent with PDF Table 3; sampling day unavailable"
P6A,WAP_NORTH,-64.110817,-61.4515,2024-01-14/2024-01-22,15,1.68,17.17,33.94,6.43,,,,10.25268/bimc.invemar.2026.55.2.1419,ENVIRONMENT_ONLY_NO_DENSITY_TARGET,"physicochemical values verified from PDF Table 2; coordinates and density from provided spreadsheet, density consistent with PDF Table 3; sampling day unavailable"
P7A,WAP_NORTH,-64.07285,-61.507133,2024-01-14/2024-01-22,16,1.51,17.24,33.99,6.34,40,1,Gyrodinium spp.,10.25268/bimc.invemar.2026.55.2.1419,PILOT_A_GROUND_TRUTH_CANDIDATE,"physicochemical values verified from PDF Table 2; coordinates and density from provided spreadsheet, density consistent with PDF Table 3; sampling day unavailable"
P8A,WAP_NORTH,-63.998117,-61.696117,2024-01-14/2024-01-22,20,1.86,17.11,33.91,6.5,20,1,Gyrodinium spp.,10.25268/bimc.invemar.2026.55.2.1419,PILOT_A_GROUND_TRUTH_CANDIDATE,"physicochemical values verified from PDF Table 2; coordinates and density from provided spreadsheet, density consistent with PDF Table 3; sampling day unavailable"
P10A,WAP_NORTH,-64.32315,-61.711967,2024-01-14/2024-01-22,10,2.0,17.03,33.75,6.52,,,,10.25268/bimc.invemar.2026.55.2.1419,ENVIRONMENT_ONLY_NO_DENSITY_TARGET,"physicochemical values verified from PDF Table 2; coordinates and density from provided spreadsheet, density consistent with PDF Table 3; sampling day unavailable"
P11A,WAP_NORTH,-64.4008,-61.658367,2024-01-14/2024-01-22,17,1.44,17.25,33.9,6.33,50,1,Gyrodinium spp.,10.25268/bimc.invemar.2026.55.2.1419,PILOT_A_GROUND_TRUTH_CANDIDATE,"physicochemical values verified from PDF Table 2; coordinates and density from provided spreadsheet, density consistent with PDF Table 3; sampling day unavailable"
P12A,WAP_NORTH,-64.46835,-61.692767,2024-01-14/2024-01-22,10,0.91,17.48,34.03,6.21,30,2,Gyrodinium spp.,10.25268/bimc.invemar.2026.55.2.1419,PILOT_A_GROUND_TRUTH_CANDIDATE,"physicochemical values verified from PDF Table 2; coordinates and density from provided spreadsheet, density consistent with PDF Table 3; sampling day unavailable"
P13A,WAP_NORTH,-64.518617,-61.8974,2024-01-14/2024-01-22,10,1.47,17.25,33.77,6.84,,,,10.25268/bimc.invemar.2026.55.2.1419,ENVIRONMENT_ONLY_NO_DENSITY_TARGET,"physicochemical values verified from PDF Table 2; coordinates and density from provided spreadsheet, density consistent with PDF Table 3; sampling day unavailable"
P14A,WAP_NORTH,-64.470783,-62.050883,2024-01-14/2024-01-22,14,1.82,17.15,33.94,6.54,10,1,Gyrodinium spp.,10.25268/bimc.invemar.2026.55.2.1419,PILOT_A_GROUND_TRUTH_CANDIDATE,"physicochemical values verified from PDF Table 2; coordinates and density from provided spreadsheet, density consistent with PDF Table 3; sampling day unavailable"
P15A,WAP_NORTH,-64.419317,-62.1618,2024-01-14/2024-01-22,20,1.19,17.36,34.14,5.8,60,2,Thalassiosira spp.,10.25268/bimc.invemar.2026.55.2.1419,PILOT_A_GROUND_TRUTH_CANDIDATE,"physicochemical values verified from PDF Table 2; coordinates and density from provided spreadsheet, density consistent with PDF Table 3; sampling day unavailable"
P16A,WAP_NORTH,-64.561283,-62.278317,2024-01-14/2024-01-22,20,1.37,17.27,33.79,6.46,40,1,Gyrodinium spp.,10.25268/bimc.invemar.2026.55.2.1419,PILOT_A_GROUND_TRUTH_CANDIDATE,"physicochemical values verified from PDF Table 2; coordinates and density from provided spreadsheet, density consistent with PDF Table 3; sampling day unavailable"
P17A,WAP_NORTH,-64.583433,-62.521867,2024-01-14/2024-01-22,34,0.91,17.47,34.15,5.67,100,4,Thalassiosira spp.,10.25268/bimc.invemar.2026.55.2.1419,PILOT_A_GROUND_TRUTH_CANDIDATE,"physicochemical values verified from PDF Table 2; coordinates and density from provided spreadsheet, density consistent with PDF Table 3; sampling day unavailable"
P18A,WAP_NORTH,-64.532217,-62.6537,2024-01-14/2024-01-22,34,0.81,17.5,34.14,5.66,160,4,Thalassiosira spp.,10.25268/bimc.invemar.2026.55.2.1419,PILOT_A_GROUND_TRUTH_CANDIDATE,"physicochemical values verified from PDF Table 2; coordinates and density from provided spreadsheet, density consistent with PDF Table 3; sampling day unavailable"
P19A,WAP_NORTH,-64.594183,-62.718033,2024-01-14/2024-01-22,31,0.92,17.46,34.13,5.6,50,2,Thalassiosira spp.,10.25268/bimc.invemar.2026.55.2.1419,PILOT_A_GROUND_TRUTH_CANDIDATE,"physicochemical values verified from PDF Table 2; coordinates and density from provided spreadsheet, density consistent with PDF Table 3; sampling day unavailable"
P20A,WAP_NORTH,-64.6483,-62.871067,2024-01-14/2024-01-22,20,1.03,17.41,34.16,5.63,170,3,Thalassiosira spp.,10.25268/bimc.invemar.2026.55.2.1419,PILOT_A_GROUND_TRUTH_CANDIDATE,"physicochemical values verified from PDF Table 2; coordinates and density from provided spreadsheet, density consistent with PDF Table 3; sampling day unavailable"
P21A,WAP_NORTH,-64.783367,-62.770883,2024-01-14/2024-01-22,20,0.94,17.46,34.07,6.06,20,1,Gyrodinium spp.,10.25268/bimc.invemar.2026.55.2.1419,PILOT_A_GROUND_TRUTH_CANDIDATE,"physicochemical values verified from PDF Table 2; coordinates and density from provided spreadsheet, density consistent with PDF Table 3; sampling day unavailable"
P22A,WAP_NORTH,-64.989583,-63.362583,2024-01-14/2024-01-22,15,1.12,17.42,33.79,6.26,,,,10.25268/bimc.invemar.2026.55.2.1419,ENVIRONMENT_ONLY_NO_DENSITY_TARGET,"physicochemical values verified from PDF Table 2; coordinates and density from provided spreadsheet, density consistent with PDF Table 3; sampling day unavailable"
P23A,WAP_NORTH,-64.955149,-63.507315,2024-01-14/2024-01-22,15,0.99,17.44,34.07,5.76,70,2,Gyrodinium spp.,10.25268/bimc.invemar.2026.55.2.1419,PILOT_A_GROUND_TRUTH_CANDIDATE,"physicochemical values verified from PDF Table 2; coordinates and density from provided spreadsheet, density consistent with PDF Table 3; sampling day unavailable"
P24A,WAP_NORTH,-64.90675,-63.67678,2024-01-14/2024-01-22,15,0.95,17.46,34.02,5.96,20,2,Gyrodinium spp. y Thalassiosira spp.,10.25268/bimc.invemar.2026.55.2.1419,PILOT_A_GROUND_TRUTH_CANDIDATE,"physicochemical values verified from PDF Table 2; coordinates and density from provided spreadsheet, density consistent with PDF Table 3; sampling day unavailable"
P25A,WAP_NORTH,-64.84518,-63.97065,2024-01-14/2024-01-22,10,1.4,17.3,33.85,6.66,,,,10.25268/bimc.invemar.2026.55.2.1419,ENVIRONMENT_ONLY_NO_DENSITY_TARGET,"physicochemical values verified from PDF Table 2; coordinates and density from provided spreadsheet, density consistent with PDF Table 3; sampling day unavailable"
